Id,Predicted
10000000135,1
10000000142,1
10000000158,0
10000000161,0
10000000163,0
10000000164,0
10000000166,0
10000000169,0
10000000170,0
10000000171,0
10000000172,0
10000000173,0
10000000176,0
10000000177,0
10000000178,0
10000000179,0
10000000180,0
10000000327,1
10000000347,0
10000000348,1
10000000349,0
10000000358,0
10000000363,1
10000000365,1
10000000366,1
10000000367,1
10000000368,0
10000000369,1
10000000370,1
10000000371,1
10000000602,1
10000000603,1
10000000607,0
10000000608,0
10000000609,0
10000000610,1
10000000611,1
10000000613,0
10000000614,0
10000000615,0
10000000616,0
10000000617,0
10000000618,0
10000000619,1
10000000620,0
10000000624,0
10000000721,1
10000000761,0
20000000009,1
20000000010,1
20000000019,0
20000000023,1
20000000024,1
20000000043,0
20000000044,0
20000000045,0
20000000046,0
20000000047,1
20000000050,1
20000000052,1
20000000054,0
20000000059,1
20000000060,0
20000000082,1
20000000083,1
20000000085,1
20000000086,1
20000000119,1
20000000126,1
20000000127,0
20000000128,0
20000000153,0
20000000156,0
20000000157,1
20000000158,1
20000000159,1
20000000160,0
20000000167,0
20000000169,0
20000000170,0
20000000172,0
20000000198,1
20000000265,1
20000000266,0
20000000267,0
20000000269,0
20000000270,1
20000000271,1
20000000272,1
20000000273,0
20000000274,0
20000000277,0
20000000278,0
20000000280,0
20000000281,0
20000000282,0
20000000283,0
20000000284,0
20000000286,1
20000000287,0
20000000289,0
20000000364,0
20000000367,1
20000000369,0
20000000373,0
20000000380,0
20000000381,1
20000000382,0
20000000385,0
20000000391,0
20000000393,1
20000000444,1
20000000446,1
20000000449,1
20000000468,1
20000000474,1
20000000482,1
20000000484,1
20000000485,1
20000000503,0
20000000541,0
30000000004,1
30000000005,1
30000000022,0
30000000029,0
30000000033,1
30000000084,0
30000000085,1
30000000086,1
30000000087,0
30000000089,1
30000000090,0
30000000091,1
30000000092,0
30000000108,1
30000000116,0
30000000117,0
30000000118,0
30000000119,0
30000000120,1
30000000121,1
30000000122,0
30000000123,1
30000000124,0
30000000142,0
30000000143,1
30000000144,1
30000000145,0
30000000146,1
30000000147,1
30000000148,0
30000000149,1
30000000150,1
30000000152,1
30000000153,1
30000000154,0
30000000155,1
30000000156,1
30000000157,0
30000000158,0
30000000159,0
30000000160,1
30000000161,1
30000000165,1
30000000338,0
30000000344,1
30000000345,1
30000000346,1
30000000347,1
30000000348,1
30000000349,0
30000000350,1
30000000351,1
30000000352,1
30000000353,0
30000000354,1
30000000355,1
30000000356,0
30000000360,1
30000000462,0
30000000463,1
30000000464,1
30000000465,1
30000000466,0
30000000467,0
30000000468,0
30000000469,0
30000000470,0
30000000472,1
30000000473,1
30000000475,1
30000000477,1
30000000478,1
30000000479,1
30000000480,1
30000000551,1
30000000567,1
30000000568,1
40000000001,1
40000000077,0
40000000078,0
40000000079,0
40000000080,1
40000000081,0
40000000082,0
40000000083,0
40000000085,1
40000000086,0
40000000087,0
40000000088,1
40000000089,0
40000000090,1
40000000091,0
40000000092,1
40000000093,0
40000000094,1
40000000095,0
40000000096,0
40000000097,1
40000000098,1
40000000185,1
40000000338,1
40000000339,0
40000000340,0
40000000341,0
40000000342,0
40000000344,1
40000000345,0
40000000346,1
40000000347,0
40000000348,0
40000000349,0
40000000350,1
40000000351,0
40000000353,0
40000000601,0
40000000602,0
40000000616,1
40000000617,1
40000000640,1
40000000713,1
40000000718,1
40000000719,1
40000000720,1
40000000722,1
40000000723,1
40000000744,1
40000000746,1
40000000749,0
40000000750,1
40000000752,1
40000000753,1
40000000862,1
40000000865,0
40000000874,1
40000000961,1
40000001121,1
40000001202,1
50000000003,1
50000000005,1
50000000008,0
50000000010,1
50000000011,1
50000000012,1
50000000014,1
50000000016,1
50000000017,1
50000000019,1
50000000020,1
50000000024,1
50000000027,1
50000000035,1
50000000039,1
50000000042,1
50000000043,1
50000000051,1
50000000053,1
50000000061,1
50000000066,0
50000000068,1
50000000072,1
50000000073,1
50000000075,1
50000000078,1
50000000079,1
50000000080,1
50000000084,1
50000000120,0
50000000121,0
50000000122,1
50000000123,0
50000000124,1
50000000126,0
50000000127,1
50000000128,0
50000000129,1
50000000131,0
50000000132,0
50000000133,0
50000000134,0
50000000135,0
50000000136,0
50000000137,0
50000000138,0
50000000139,0
50000000140,1
50000000141,0
50000000142,0
50000000143,1
50000000144,0
50000000145,0
50000000146,0
50000000147,0
50000000148,0
50000000149,0
50000000150,0
50000000151,0
50000000159,0
50000000160,0
50000000161,0
50000000162,1
50000000163,1
50000000164,0
50000000166,1
50000000167,0
50000000168,0
50000000169,0
50000000170,0
50000000178,0
50000000183,0
50000000190,1
50000000194,0
50000000198,0
50000000199,0
50000000202,0
50000000204,1
50000000208,0
50000000213,1
50000000229,0
50000000230,0
50000000231,1
50000000232,1
50000000233,1
50000000235,1
50000000236,1
50000000237,0
50000000260,0
50000000261,1
50000000268,1
50000000275,0
50000000433,0
50000000434,1
50000000436,1
50000000441,1
50000000448,0
50000000450,1
50000000452,1
50000000454,1
50000000456,1
50000000457,0
50000000465,0
50000000466,0
50000000467,1
50000000468,1
50000000469,1
50000000471,1
50000000485,1
50000000494,1
50000000495,1
50000000496,0
50000000497,1
50000000498,0
50000000499,1
50000000500,0
50000000501,1
50000000503,1
50000000538,1
50000000539,1
50000000544,0
50000000545,1
50000000547,1
50000000549,1
50000000551,0
50000000552,1
50000000626,0
50000000627,0
50000000628,0
50000000629,0
50000000630,0
50000000631,0
50000000632,1
50000000634,0
50000000635,0
50000000637,0
50000000639,0
50000000640,1
50000000641,1
50000000642,0
50000000643,0
50000000644,0
50000000646,1
50000000651,0
50000000652,1
50000000653,0
50000000654,0
50000000655,0
50000000656,1
50000000657,1
50000000659,1
50000000660,1
50000000661,0
50000000665,1
50000000667,0
50000000668,1
50000000669,1
50000000670,0
50000000671,0
50000000672,0
50000000674,0
50000000677,1
50000000680,1
50000000681,0
50000000682,0
50000000683,0
50000000684,1
50000000686,1
50000000688,0
50000000689,1
50000000690,1
50000000691,1
50000000704,1
50000000843,1
50000000847,0
50000000848,1
50000000856,1
50000000864,0
50000000870,1
50000000873,0
50000001014,0
50000001020,1
50000001063,1
50000001067,1
50000001115,1
50000001148,0
60000000064,1
60000000065,1
60000000066,0
60000000067,0
60000000068,0
60000000069,0
60000000071,0
60000000073,0
60000000074,1
60000000079,0
60000000082,1
60000000083,0
60000000084,0
60000000087,0
60000000088,0
60000000089,1
60000000090,0
60000000096,1
60000000097,0
60000000243,1
60000000246,0
60000000247,1
60000000251,1
60000000252,1
60000000253,1
60000000254,1
60000000255,1
60000000256,0
60000000257,1
60000000259,1
60000000260,1
60000000261,1
60000000262,1
60000000263,1
60000000264,1
60000000265,1
60000000266,1
60000000267,1
60000000268,1
60000000269,1
60000000270,1
60000000271,0
60000000372,1
60000000375,1
60000000379,1
60000000380,1
60000000383,1
60000000385,1
60000000386,1
60000000390,1
60000000391,1
60000000395,1
60000000397,1
60000000402,1
60000000403,1
60000000414,1
60000000421,1
60000000423,1
60000000424,1
60000000425,1
60000000426,1
60000000427,1
60000000428,1
60000000429,1
60000000430,1
60000000431,1
60000000438,1
60000000571,0
60000000572,0
60000000573,1
60000000574,0
60000000575,0
60000000576,1
60000000579,0
60000000580,0
60000000582,1
60000000583,0
60000000584,1
60000000585,1
60000000586,0
60000000587,1
60000000588,1
60000000589,1
60000000590,1
60000000592,0
60000000594,1
60000000595,1
60000000597,0
60000000599,0
60000000601,1
60000000602,1
60000000634,1
60000000635,0
60000000637,0
60000000638,1
60000000639,1
60000000640,1
60000000641,1
60000000642,1
60000000643,0
60000000644,1
60000000654,1
60000000655,0
60000000658,1
60000000659,1
60000000663,1
60000000664,1
60000000665,1
60000000666,0
60000000670,0
60000000772,1
60000000773,0
60000000775,0
60000000776,1
60000000777,1
60000000778,0
60000000781,0
60000000783,1
60000000784,0
60000000785,0
60000000787,0
60000000788,0
60000000789,0
60000000790,0
60000000792,0
60000000793,0
60000000795,0
60000000796,0
60000000800,0
60000000801,0
60000000802,1
60000000803,1
60000000806,0
60000000808,1
60000000810,1
60000000896,1
60000000920,1
60000000942,1
60000000957,0
60000000962,1
60000000992,1
60000000994,1
60000000995,1
60000000999,1
60000001000,1
60000001049,1
70000000157,1
70000000164,1
70000000165,1
70000000168,0
70000000169,1
70000000170,1
70000000171,0
70000000172,1
70000000174,1
70000000175,1
70000000176,1
70000000177,1
70000000178,1
70000000179,1
70000000180,1
70000000439,0
70000000440,0
70000000442,1
70000000444,1
70000000445,0
70000000446,0
70000000447,0
70000000448,0
70000000449,0
70000000450,0
70000000451,0
70000000453,1
70000000454,0
70000000455,0
70000000456,1
70000000457,1
70000000458,0
70000000459,1
70000000460,0
70000000582,1
70000000657,0
70000000658,1
70000000659,1
70000000660,0
70000000661,0
70000000662,1
70000000663,0
70000000665,0
70000000666,0
70000000667,1
70000000668,0
70000000669,1
70000000670,1
70000000671,1
70000000672,0
70000000673,1
70000000674,1
70000000675,1
70000000676,0
70000000813,1
70000000824,0
70000000825,0
70000000826,0
70000000827,0
70000000828,0
70000000829,1
70000000830,1
70000000831,0
70000000832,1
70000000835,0
70000000838,1
70000000839,0
70000000840,0
70000000841,0
70000000842,0
70000000891,0
70000000892,0
70000000893,0
70000000894,0
70000000895,0
70000000896,1
70000000897,1
70000000898,0
70000000899,1
70000000900,0
70000000904,0
70000000909,1
70000000912,1
70000000913,1
70000000914,1
70000000915,1
70000001061,1
70000001062,1
70000001063,1
70000001065,1
70000001066,1
70000001068,1
70000001069,1
70000001070,0
70000001071,0
70000001072,1
70000001073,1
70000001074,0
70000001075,0
70000001076,1
70000001077,1
70000001078,1
70000001079,0
70000001080,1
70000001081,0
70000001082,1
70000001083,1
70000001085,1
70000001483,1
70000001484,0
80000000009,1
80000000010,1
80000000011,1
80000000164,0
80000000167,0
80000000168,1
80000000169,0
80000000170,0
80000000171,0
80000000172,0
80000000174,1
80000000175,0
80000000177,1
80000000178,0
80000000179,0
80000000181,0
80000000182,0
80000000183,1
80000000184,0
80000000185,1
80000000187,1
80000000188,0
80000000338,1
80000000339,1
80000000340,1
80000000342,1
80000000343,0
80000000344,1
80000000345,1
80000000346,0
80000000347,0
80000000348,0
80000000350,1
80000000351,0
80000000353,1
80000000354,0
80000000355,0
80000000357,0
80000000359,1
80000000362,1
80000000363,1
80000000384,1
80000000386,0
80000000387,0
80000000388,0
80000000389,1
80000000390,1
80000000391,0
80000000392,0
80000000393,0
80000000394,0
80000000398,0
80000000399,0
80000000400,0
80000000401,0
80000000402,0
80000000403,1
80000000404,0
80000000406,0
80000000431,1
80000000432,1
80000000434,0
80000000435,0
80000000436,0
80000000437,0
80000000438,0
80000000439,0
80000000443,0
80000000444,0
80000000446,1
80000000448,1
80000000449,1
80000000450,1
80000000451,1
80000000452,1
80000000453,1
80000000454,0
80000000455,1
80000000456,1
80000000457,1
80000000458,1
80000000459,0
80000000460,0
80000000461,0
80000000462,0
80000000463,1
80000000464,1
80000000465,1
80000000466,1
80000000468,0
80000000469,1
80000000470,1
80000000471,0
80000000472,1
80000000478,0
80000000479,0
80000000481,0
80000000482,0
80000000483,1
80000000488,1
80000000492,1
80000000493,1
80000000496,1
80000000497,1
80000000509,1
80000000510,0
80000000512,1
80000000513,1
80000000514,1
80000000515,1
80000000516,1
80000000517,0
80000000518,1
80000000519,1
80000000520,1
80000000521,1
80000000710,1
80000000725,1
80000000728,1
80000000729,1
80000000750,1
80000000755,1
80000000792,0
80000000799,0
80000000803,1
80000000807,1
80000000849,1
90000000006,1
90000000007,1
90000000008,1
90000000009,1
90000000010,1
90000000011,1
90000000300,0
90000000301,0
90000000304,0
90000000306,1
90000000307,0
90000000308,1
90000000309,1
90000000310,1
90000000311,1
90000000312,1
90000000313,1
90000000314,0
90000000324,0
90000000328,0
90000000330,1
90000000333,0
90000000348,0
90000000362,0
90000000515,1
90000000524,1
90000000569,1
90000000603,1
90000000604,0
90000000611,0
90000000612,1
90000000613,0
90000000615,0
90000000616,1
90000000618,1
90000000619,0
90000000625,0
90000000629,1
90000000630,1
90000000632,1
90000000633,1
90000000635,1
90000000711,0
90000000712,0
90000000713,1
90000000715,0
90000000716,1
90000000717,0
90000000718,0
90000000719,0
90000000720,0
90000000721,0
90000000732,0
90000000733,1
90000000734,1
90000000735,0
90000000736,1
90000000738,0
90000000739,0
90000000740,0
90000000741,0
90000000742,1
90000000743,0
90000000744,0
90000000746,1
90000001170,0
90000001226,1
90000001246,1
90000001254,1
100000000094,1
100000000095,1
100000000096,1
100000000097,1
100000000103,1
100000000107,0
100000000112,0
100000000115,0
100000000117,0
100000000204,1
100000000205,0
100000000206,0
100000000209,1
100000000210,1
100000000211,1
100000000212,0
100000000215,0
100000000218,1
100000000220,1
100000000221,1
100000000222,1
100000000223,1
100000000226,0
100000000253,0
100000000255,0
100000000256,1
100000000257,1
100000000258,0
100000000259,0
100000000262,0
100000000264,0
100000000267,1
100000000270,1
100000000276,1
100000000277,0
100000000281,1
100000000282,1
100000000283,1
100000000284,1
100000000285,1
100000000487,1
100000000488,1
100000000489,0
100000000490,0
100000000491,0
100000000492,1
100000000493,1
100000000495,1
100000000496,1
100000000497,1
100000000498,1
100000000499,1
100000000500,1
100000000501,0
100000000505,0
100000000506,1
100000000507,0
100000000508,1
100000000510,0
100000000514,0
100000000518,1
100000000519,1
100000000524,1
100000000530,1
100000000533,1
100000000539,1
100000000544,1
100000000548,0
100000000549,1
100000000562,0
100000000563,0
100000000564,0
100000000565,1
100000000567,0
100000000569,0
100000000570,0
100000000571,0
100000000572,1
100000000573,0
100000000574,1
100000000577,1
100000000579,0
100000000580,1
100000000581,0
100000000582,1
100000000583,1
100000000586,0
100000000589,1
100000000590,0
100000000591,0
100000000592,0
100000000595,1
100000000596,1
100000000600,1
100000000602,1
100000000603,0
100000000604,1
100000000605,0
100000000606,0
100000000607,1
100000000609,1
100000000610,1
100000000612,0
100000000613,0
100000000615,0
100000000619,0
100000000621,0
100000000622,1
100000000623,1
100000000624,1
100000000626,0
100000000627,0
100000000628,0
100000000629,1
100000000781,0
100000000783,1
100000000785,0
100000000787,1
100000000791,1
100000000794,1
100000000795,1
100000000801,1
100000000802,0
100000000809,1
100000000831,0
100000000832,0
100000000970,1
100000001009,1
100000001088,1
100000001090,1
110000000008,0
110000000009,0
110000000010,0
110000000011,0
110000000012,0
110000000013,0
110000000015,0
110000000016,0
110000000017,0
110000000018,0
110000000020,0
110000000021,0
110000000022,0
110000000023,0
110000000024,0
110000000025,0
110000000032,0
110000000042,0
110000000044,0
110000000156,0
110000000157,1
110000000163,1
110000000164,1
110000000166,1
110000000169,1
110000000170,1
110000000171,1
110000000172,1
110000000174,1
110000000179,1
110000000257,1
110000000266,1
110000000296,0
110000000297,0
110000000298,0
110000000299,0
110000000300,1
110000000301,0
110000000302,1
110000000304,0
110000000305,0
110000000317,0
110000000321,1
110000000323,1
110000000399,0
110000000400,0
110000000401,0
110000000402,0
110000000404,1
110000000412,0
110000000434,0
110000000435,0
110000000438,0
110000000521,1
110000000522,1
110000000523,0
110000000541,0
120000000006,1
120000000007,1
120000000021,0
120000000024,0
120000000027,1
120000000052,0
120000000063,0
120000000064,1
120000000069,0
120000000071,0
120000000072,0
120000000073,0
120000000080,1
120000000088,1
120000000097,0
120000000099,1
120000000103,0
120000000104,0
120000000106,0
120000000107,0
120000000108,0
120000000109,0
120000000110,0
120000000111,0
120000000112,1
120000000113,0
120000000115,0
120000000116,0
120000000117,0
120000000118,1
120000000119,0
120000000120,0
120000000121,0
120000000122,0
120000000123,1
120000000124,0
120000000125,1
120000000127,1
120000000130,1
120000000131,1
120000000133,1
120000000134,1
120000000135,1
120000000137,1
120000000138,1
120000000139,1
120000000140,1
120000000141,1
120000000142,1
120000000143,0
120000000144,1
120000000145,1
120000000146,1
120000000147,1
120000000416,1
120000000417,0
120000000418,1
120000000420,0
120000000421,0
120000000422,1
120000000424,1
120000000425,1
120000000426,1
120000000427,0
120000000430,1
120000000431,0
120000000435,0
120000000436,1
120000000437,0
120000000443,0
120000000444,1
120000000446,1
120000000464,0
120000000485,1
120000000490,1
120000000491,1
120000000496,1
120000000497,0
120000000498,0
120000000499,0
120000000500,0
120000000501,1
120000000502,0
120000000503,0
120000000504,0
120000000505,0
120000000506,0
120000000507,0
120000000508,0
120000000510,0
120000000512,1
120000000513,0
120000000515,0
120000000516,0
120000000517,0
120000000589,1
120000000630,0
120000000663,0
120000000673,0
130000000111,1
130000000112,0
130000000115,1
130000000116,1
130000000117,1
130000000118,1
130000000119,1
130000000120,0
130000000122,0
130000000123,1
130000000124,0
130000000125,1
130000000127,0
130000000128,1
130000000129,1
130000000131,1
130000000132,0
130000000133,0
130000000134,0
130000000135,0
130000000137,0
130000000138,1
130000000139,1
130000000140,1
130000000141,0
130000000142,1
130000000143,1
130000000144,1
130000000147,1
130000000148,1
130000000149,0
130000000150,1
130000000152,0
130000000275,1
130000000276,1
130000000277,1
130000000278,1
130000000279,1
130000000280,1
130000000281,1
130000000282,1
130000000283,1
130000000284,1
130000000285,1
130000000286,1
130000000287,1
130000000288,1
130000000289,1
130000000290,1
130000000291,1
130000000292,1
130000000296,1
130000000300,1
130000000302,1
130000000313,1
130000000314,1
130000000315,0
130000000316,1
130000000317,1
130000000327,1
130000000329,0
130000000330,1
130000000331,0
130000000332,1
130000000333,0
130000000336,1
130000000337,1
130000000338,1
130000000341,1
130000000342,1
130000000343,1
130000000344,0
130000000345,1
130000000346,0
130000000347,0
130000000348,1
130000000349,1
130000000350,1
130000000351,1
130000000353,1
130000000356,1
130000000358,1
130000000359,0
130000000360,0
130000000361,1
130000000362,1
130000000364,1
130000000366,1
130000000367,1
130000000369,1
130000000370,1
130000000371,1
130000000372,1
130000000373,0
130000000374,0
130000000375,1
130000000376,1
130000000377,1
130000000378,0
130000000379,0
130000000380,0
130000000381,1
130000000383,1
130000000384,0
130000000385,0
130000000386,1
130000000387,1
130000000388,1
130000000389,0
130000000391,1
130000000392,1
130000000393,1
130000000394,1
130000000396,0
130000000397,1
130000000398,0
130000000399,1
130000000400,1
130000000401,0
130000000402,0
130000000403,1
130000000404,0
130000000405,1
130000000406,1
130000000407,1
130000000409,1
130000000410,1
130000000411,1
130000000412,1
130000000415,1
130000000417,1
130000000418,1
130000000424,1
130000000432,0
130000000439,0
130000000449,1
130000000451,1
130000000453,1
130000000455,1
130000000456,1
130000000457,0
130000000458,1
130000000460,0
130000000463,1
130000000474,1
130000000487,0
130000000489,1
130000000493,1
130000000494,1
130000000501,1
130000000518,0
130000000519,1
130000000523,1
130000000525,1
130000000526,1
130000000529,0
130000000650,0
130000000651,0
130000000652,1
130000000653,1
130000000654,1
130000000655,1
130000000656,0
130000000657,1
130000000658,1
130000000660,0
130000000661,0
130000000662,0
130000000663,0
130000000664,0
130000000665,0
130000000666,0
130000000667,0
130000000668,1
130000000671,0
130000000672,0
130000000683,0
130000000687,0
130000000689,1
130000000691,0
130000000692,0
130000000694,0
130000000696,0
130000000697,0
130000000698,0
130000000699,1
130000000700,1
130000000703,0
130000000705,1
130000000706,1
130000000707,0
130000000709,1
130000000710,0
130000000711,0
130000000712,1
130000000713,1
130000000714,1
130000000721,1
130000000722,1
130000000723,1
130000000725,1
130000000726,0
130000000727,0
130000000728,1
130000000730,0
130000000832,0
130000000834,1
130000000835,1
130000000836,1
130000000837,0
130000000839,1
130000000840,1
130000000842,0
130000000844,1
130000000845,1
130000000846,0
130000000848,1
130000000849,0
130000000850,1
130000000854,0
130000000855,0
130000000856,0
130000000857,0
130000000858,0
130000000859,1
130000000860,0
130000000865,0
130000000866,1
130000000867,1
130000000868,0
130000000869,0
130000000870,0
130000000871,0
130000000872,0
130000000873,1
130000000874,0
130000000875,0
130000000876,1
130000000878,0
130000000880,1
130000000881,0
130000000882,0
130000000883,0
130000000884,0
130000000885,0
130000000886,0
130000000887,0
130000000888,1
130000000889,0
130000000890,0
130000000891,1
130000000893,0
130000000894,0
130000000895,0
130000000896,0
130000000898,1
130000000899,0
130000000900,0
130000000902,0
130000000903,1
130000000904,1
130000000905,1
130000000906,0
130000000907,0
130000000908,1
130000000909,1
130000001056,0
130000001058,0
130000001059,1
130000001060,0
130000001061,1
130000001062,1
130000001063,0
130000001064,0
130000001066,1
130000001067,0
130000001068,1
130000001069,0
130000001070,0
130000001071,1
130000001073,1
130000001074,1
130000001075,1
130000001076,0
130000001077,0
130000001078,0
130000001079,1
130000001080,1
130000001082,1
130000001084,1
130000001085,1
130000001086,1
130000001087,0
130000001089,1
130000001090,1
130000001091,0
130000001093,1
130000001095,1
130000001097,1
130000001098,1
130000001099,1
130000001100,1
130000001102,1
130000001103,1
130000001104,1
130000001105,0
130000001106,1
130000001108,1
130000001109,0
130000001110,1
130000001111,0
130000001112,0
130000001113,1
130000001114,0
130000001115,1
130000001116,1
130000001117,1
130000001118,1
130000001119,0
130000001120,1
130000001121,0
130000001123,1
130000001124,0
130000001127,0
130000001128,1
130000001132,1
130000001134,0
130000001136,0
130000001138,0
130000001139,1
130000001140,0
130000001141,1
130000001143,0
130000001147,0
130000001149,1
130000001167,0
130000001168,0
130000001169,1
130000001170,0
130000001171,0
130000001175,0
130000001178,1
130000001179,1
130000001181,1
130000001182,1
130000001183,1
130000001185,1
130000001186,1
130000001188,0
130000001189,0
130000001194,1
130000001202,1
130000001203,0
130000001204,1
130000001205,1
130000001206,0
130000001208,0
130000001209,0
130000001210,1
130000001211,1
130000001212,0
130000001213,1
130000001214,1
130000001215,1
130000001217,1
130000001218,1
130000001219,0
130000001230,1
130000001236,1
130000001239,0
130000001240,1
130000001241,1
130000001243,1
130000001247,1
130000001248,1
130000001249,1
130000001252,0
130000001253,0
130000001254,1
130000001256,1
130000001257,0
130000001259,0
130000001262,1
130000001264,1
130000001265,1
130000001266,1
130000001267,1
130000001312,0
130000001313,1
130000001314,0
130000001315,0
130000001317,1
130000001318,1
130000001320,1
130000001322,0
130000001323,0
130000001324,0
130000001325,1
130000001326,1
130000001327,1
130000001328,1
130000001329,0
130000001330,1
130000001331,1
130000001370,1
130000001371,1
130000001372,1
130000001373,1
130000001375,1
130000001379,1
130000001380,0
130000001381,1
130000001382,1
130000001385,1
130000001386,0
130000001387,1
130000001389,1
130000001390,1
130000001407,1
130000001408,0
130000001409,1
130000001410,1
130000001411,1
130000001412,1
130000001414,1
130000001425,1
130000001426,1
130000001427,1
130000001428,1
130000001430,1
130000001432,1
130000001433,1
130000001434,1
130000001435,1
130000001437,1
130000001438,1
130000001439,1
130000001440,1
130000001441,1
130000001456,1
130000001458,0
130000001459,1
130000001460,1
130000001462,1
130000001463,1
130000001464,1
130000001465,1
130000001466,1
130000001467,1
130000001471,1
130000001472,1
130000001473,1
130000001474,1
130000001475,1
130000001476,1
130000001477,1
130000001508,1
130000001512,1
130000001755,1
130000001804,1
130000001807,0
130000001823,1
130000001826,1
130000001836,1
130000001838,1
130000001841,0
130000001843,1
130000001845,1
130000001847,1
130000001848,1
130000001859,1
130000001861,1
130000001873,1
130000001876,1
130000001877,1
130000001878,1
130000001879,1
130000001880,0
130000001881,1
130000001893,1
130000001897,1
130000001898,1
130000001912,1
130000001931,1
130000001934,1
130000001936,1
130000001954,0
130000001973,1
130000001976,1
130000001979,1
130000001992,1
130000001995,1
130000002008,0
130000002021,1
130000002025,1
130000002036,1
130000002110,1
140000000001,0
140000000003,1
140000000004,1
140000000005,1
140000000007,1
140000000017,0
140000000018,1
140000000035,0
140000000040,1
140000000091,0
140000000092,1
140000000093,0
140000000095,1
140000000096,1
140000000097,0
140000000098,0
140000000099,1
140000000100,1
140000000102,0
140000000104,1
140000000106,1
140000000107,1
140000000108,1
140000000110,0
140000000111,1
140000000112,1
140000000113,1
140000000114,1
140000000115,1
140000000116,1
140000000117,0
140000000118,1
140000000356,1
140000000358,0
140000000359,1
140000000361,1
140000000368,1
140000000431,0
140000000432,0
140000000433,0
140000000434,0
140000000435,0
140000000436,0
140000000437,1
140000000438,0
140000000455,0
140000000456,0
140000000457,0
140000000458,0
140000000460,1
140000000461,0
140000000462,1
140000000463,1
140000000464,0
140000000465,0
140000000749,0
140000000750,1
140000000751,0
140000000753,1
140000000754,1
140000000756,0
140000000758,1
140000000759,0
140000000766,1
140000000767,0
140000000769,1
140000000770,1
140000000771,1
140000000772,1
140000000773,1
140000000774,1
140000000775,0
140000000776,0
140000000777,1
140000000778,0
140000000779,1
140000000780,0
140000000782,1
140000000783,0
140000000784,1
140000000785,1
140000000787,1
140000000792,1
140000000915,0
140000000916,0
140000000917,0
140000000918,0
140000000919,0
140000000920,0
140000000921,0
140000000922,0
140000000923,0
140000000924,0
140000000925,1
140000000926,1
140000000927,1
140000000928,1
140000000929,1
140000000930,0
140000000931,1
140000000932,0
140000000933,1
140000000934,0
140000000935,0
140000000936,1
140000000937,0
140000000940,0
140000000945,0
140000000948,1
140000000949,1
140000000952,1
140000000954,1
140000000958,1
140000001042,1
140000001050,0
140000001051,0
140000001052,1
140000001054,1
140000001055,1
140000001056,1
140000001101,0
140000001162,1
140000001166,1
140000001167,1
140000001202,1
150000000008,1
150000000011,1
150000000014,1
150000000026,1
150000000029,1
150000000030,1
150000000034,1
150000000035,1
150000000171,0
150000000172,1
150000000173,0
150000000174,1
150000000175,0
150000000176,1
150000000177,1
150000000178,0
150000000179,0
150000000180,0
150000000181,0
150000000182,0
150000000191,1
150000000192,1
150000000194,0
150000000195,0
150000000198,1
150000000199,0
150000000201,0
150000000202,1
150000000204,0
150000000205,0
150000000206,1
150000000207,0
150000000209,0
150000000210,1
150000000212,1
150000000213,1
150000000215,1
150000000216,0
150000000219,1
150000000220,0
150000000221,1
150000000222,1
150000000473,0
150000000475,1
150000000479,1
150000000481,0
150000000482,1
150000000483,1
150000000486,1
150000000487,1
150000000488,1
150000000491,0
150000000492,0
150000000493,1
150000000494,1
150000000495,1
150000000500,1
150000000502,1
150000000503,0
150000000504,0
150000000505,1
150000000506,0
150000000507,0
150000000508,0
150000000521,1
150000000545,1
160000000004,1
160000000006,1
160000000007,0
160000000016,1
160000000024,1
160000000025,1
160000000026,1
160000000028,1
160000000030,1
160000000038,1
160000000152,0
160000000153,0
160000000154,0
160000000155,0
160000000156,1
160000000157,0
160000000158,0
160000000159,0
160000000160,0
160000000161,0
160000000162,0
160000000163,0
160000000164,0
160000000165,0
160000000166,1
160000000167,0
160000000168,1
160000000169,0
160000000170,0
160000000171,0
160000000172,0
160000000173,0
160000000174,1
160000000175,0
160000000176,0
160000000178,1
160000000179,0
160000000180,0
160000000181,0
160000000183,0
160000000196,1
160000000201,1
160000000202,1
160000000203,0
160000000204,0
160000000205,0
160000000206,0
160000000207,0
160000000208,0
160000000378,0
160000000379,0
160000000380,1
160000000383,0
160000000386,1
160000000387,1
160000000388,0
160000000389,0
160000000390,0
160000000391,0
160000000393,0
160000000394,1
160000000395,0
160000000397,1
160000000398,1
160000000402,0
160000000411,0
160000000412,0
160000000415,1
160000000420,0
160000000424,1
160000000430,1
160000000431,1
160000000447,1
160000000448,1
160000000449,0
160000000450,1
160000000454,1
160000000456,1
160000000459,1
160000000460,1
160000000461,0
160000000462,0
160000000463,1
160000000464,1
160000000466,0
160000000475,0
160000000477,1
160000000478,1
160000000479,0
160000000484,1
160000000485,1
160000000486,1
160000000501,1
160000000508,1
160000000513,1
160000000515,1
160000000521,1
160000000523,1
160000000598,1
160000000600,1
160000000601,0
160000000603,1
160000000604,0
160000000606,0
160000000607,1
160000000608,0
160000000609,0
160000000610,1
160000000611,1
160000000613,1
160000000614,0
160000000615,0
160000000616,1
160000000617,0
160000000618,1
160000000619,0
160000000620,1
160000000621,0
160000000622,1
160000000623,0
160000000624,0
160000000626,1
160000000629,1
160000000630,1
160000000631,0
160000000634,1
160000000635,1
160000000638,1
160000000644,1
160000000692,1
160000000693,1
160000000694,1
160000000753,1
160000000754,0
160000000755,0
160000000756,0
160000000757,0
160000000758,1
160000000759,0
160000000760,0
160000000761,0
160000000762,1
160000000763,0
160000000764,0
160000000765,1
160000000766,1
160000000768,0
160000000769,1
160000000772,0
160000000773,1
160000000774,0
160000000775,0
160000000777,1
160000000778,1
160000000779,1
160000000780,1
160000000781,1
160000000782,0
160000000783,0
160000000784,1
160000000786,1
160000000787,0
160000000788,1
160000000789,1
160000000790,0
160000000791,1
160000000792,1
160000000794,1
160000000795,1
160000000796,0
160000000797,1
160000000798,1
160000000799,1
160000000800,0
160000000802,1
160000000803,0
160000000804,1
160000000806,1
160000001102,1
160000001103,1
160000001111,1
160000001118,0
160000001119,0
160000001134,1
160000001135,1
160000001136,0
160000001137,1
160000001138,0
160000001139,1
160000001140,1
160000001141,0
160000001143,1
160000001144,1
160000001146,0
160000001147,0
160000001148,0
160000001149,0
160000001150,0
160000001151,0
160000001152,1
160000001154,1
160000001155,1
160000001156,0
160000001157,1
160000001200,0
160000001202,1
160000001208,1
160000001211,1
160000001213,1
160000001214,1
160000001215,1
160000001217,1
160000001224,1
160000001228,1
160000001229,1
160000001232,1
160000001234,1
160000001242,1
160000001245,1
160000001248,1
160000001277,1
160000001281,1
160000001282,1
160000001299,1
160000001336,1
160000001339,1
160000001404,1
160000001464,1
160000001483,0
160000001484,1
160000001485,1
160000001486,1
170000000001,1
170000000003,1
170000000013,1
170000000017,1
170000000018,1
170000000019,1
170000000030,0
170000000031,0
170000000032,0
170000000034,0
170000000035,0
170000000036,0
170000000038,0
170000000041,0
170000000043,0
170000000044,0
170000000046,0
170000000047,0
170000000049,0
170000000051,0
170000000052,0
170000000054,0
170000000055,0
170000000057,0
170000000058,1
170000000059,0
170000000060,1
170000000061,0
170000000062,1
170000000063,0
170000000064,0
170000000066,0
170000000068,0
170000000069,0
170000000070,0
170000000071,0
170000000073,1
170000000076,0
170000000078,1
170000000453,1
170000000454,1
170000000458,1
170000000461,1
170000000465,1
170000000466,1
170000000467,1
170000000468,1
170000000469,1
170000000470,1
170000000471,1
170000000472,1
170000000473,1
170000000474,1
170000000500,1
170000000502,1
170000000504,0
170000000505,1
170000000508,0
170000000511,1
170000000513,1
170000000514,1
170000000515,1
170000000517,1
170000000518,0
170000000519,0
170000000520,1
170000000521,0
170000000522,0
170000000523,1
170000000524,0
170000000525,0
170000000529,0
170000000530,0
170000000531,0
170000000532,1
170000000534,1
170000000535,0
170000000536,1
170000000537,1
170000000539,0
170000000541,1
170000000546,1
170000000548,1
170000000550,1
170000000592,1
170000000593,1
170000000600,1
170000000603,0
170000000604,1
170000000615,0
170000000616,0
170000000627,0
170000000628,0
170000000643,0
170000000645,0
170000000652,0
170000000653,1
170000000655,0
170000000656,0
170000000669,0
170000000670,1
170000000679,0
170000000680,0
170000000681,1
170000000691,0
170000000692,1
170000000693,1
170000000694,1
170000000703,1
170000000704,1
170000000706,0
170000000707,0
170000000734,1
170000000738,1
170000000739,1
180000000009,1
180000000010,1
180000000011,1
180000000026,1
180000000031,1
180000000049,0
180000000050,0
180000000056,0
180000000057,1
180000000058,0
180000000059,0
180000000060,0
180000000061,0
180000000062,0
180000000063,1
180000000064,0
180000000065,1
180000000066,1
180000000067,0
180000000069,1
180000000071,1
180000000074,1
180000000075,1
180000000193,1
180000000202,1
180000000205,1
180000000207,1
180000000209,0
180000000213,0
180000000214,0
180000000216,0
180000000217,0
180000000221,0
180000000239,1
180000000241,0
180000000242,0
180000000243,0
180000000244,1
180000000245,1
180000000261,0
180000000269,1
180000000270,1
180000000273,1
180000000274,1
180000000275,1
180000000277,1
180000000278,1
180000000285,1
180000000288,1
180000000291,0
180000000292,1
180000000309,0
180000000310,1
180000000311,1
180000000312,1
180000000314,1
180000000315,1
180000000340,1
180000000363,0
180000000364,1
180000000372,1
180000000377,1
180000000380,1
180000000381,1
180000000382,1
180000000383,1
180000000387,1
190000000098,1
190000000106,1
190000000111,1
190000000125,1
190000000126,1
190000000127,1
190000000128,1
190000000129,1
190000000130,1
190000000131,1
190000000132,1
190000000133,1
190000000134,1
190000000142,1
190000000332,1
190000000335,1
190000000336,1
190000000337,1
190000000338,1
190000000339,0
190000000341,0
190000000342,1
190000000343,1
190000000344,1
190000000348,0
190000000350,0
190000000352,1
190000000353,1
190000000356,1
190000000358,1
190000000359,1
190000000360,1
190000000362,0
190000000366,1
190000000367,0
190000000369,1
190000000371,1
190000000373,0
190000000374,1
190000000375,1
190000000377,1
190000000399,1
190000000400,1
190000000414,0
190000000415,0
190000000418,0
190000000426,1
190000000430,1
190000000432,1
190000000436,1
190000000437,1
190000000438,1
190000000442,1
190000000448,1
190000000451,1
190000000452,1
190000000453,1
190000000461,1
190000000462,0
190000000463,0
190000000466,1
190000000468,1
190000000470,1
190000000471,1
190000000478,1
190000000480,1
190000000481,0
190000000484,0
190000000485,1
190000000488,1
190000000489,1
190000000490,1
190000000491,0
190000000492,1
190000000499,1
190000000501,1
190000000503,1
190000000590,0
190000000591,1
190000000593,1
190000000594,1
190000000595,0
190000000596,1
190000000597,0
190000000600,1
190000000601,0
190000000602,0
190000000604,1
190000000605,0
190000000606,0
190000000607,0
190000000608,0
190000000610,1
190000000611,1
190000000612,1
190000000613,1
190000000614,0
190000000615,1
190000000616,0
190000000617,0
190000000620,1
190000000621,0
190000000622,1
190000000623,1
190000000624,0
190000000625,1
190000000626,1
190000000627,1
190000000628,1
190000000629,0
190000000633,1
190000000634,1
190000000636,0
190000000637,0
190000000638,1
190000000639,0
190000000643,1
190000000644,1
190000000645,0
190000000646,1
190000000647,1
190000000648,1
190000000649,1
190000000650,1
190000000651,1
190000000652,1
190000000653,1
190000000654,1
190000000655,0
190000000656,1
190000000657,1
190000000658,1
190000000659,0
190000000660,1
190000000661,1
190000000663,0
190000000664,1
190000000665,1
190000000666,1
190000000667,1
190000000668,1
190000000670,1
190000000671,1
190000000672,1
190000000680,1
190000000684,1
190000000685,1
190000000687,1
190000000688,1
190000000690,0
190000000691,1
190000000692,1
190000000693,0
190000000695,0
190000000696,1
190000000698,1
190000000704,1
190000000706,1
190000000707,1
190000000711,1
190000000714,1
190000000715,1
190000000718,1
190000000721,1
190000000724,1
190000000775,1
190000000776,1
190000000779,1
190000000780,1
190000000893,0
190000000894,1
190000000895,1
190000000896,1
190000000897,1
190000000898,1
190000000899,1
190000000900,1
190000000901,1
190000000902,1
190000000903,1
190000000904,1
190000000905,1
190000000908,1
190000000909,1
190000000910,0
190000000911,1
190000000912,1
190000000914,1
190000000915,1
190000000916,1
190000000917,1
190000000919,0
190000000920,1
190000000921,0
190000000922,0
190000000923,1
190000000924,1
190000000925,1
190000000926,1
190000000927,1
190000000943,1
190000000944,1
190000000945,1
190000000946,1
190000000966,1
190000000969,0
190000000970,1
190000000972,1
190000000974,0
190000000976,1
190000000977,1
190000000978,1
190000000979,1
190000000980,1
190000000981,1
190000000982,1
190000000983,0
190000000984,1
190000000985,1
190000000986,0
190000000987,0
190000000988,1
190000001014,1
190000001015,1
190000001016,1
190000001017,1
190000001018,1
190000001019,1
190000001020,1
190000001021,1
190000001022,1
190000001023,1
190000001025,1
190000001026,1
190000001027,1
190000001030,1
190000001031,1
190000001033,1
190000001035,1
190000001036,1
190000001037,1
190000001038,1
190000001039,1
190000001040,1
190000001041,1
190000001114,0
190000001268,1
190000001272,1
190000001276,1
190000001277,0
190000001278,1
190000001279,1
190000001281,1
190000001283,1
190000001284,0
190000001285,1
190000001287,1
190000001288,1
190000001289,1
190000001296,1
190000001303,1
190000001305,1
190000001307,1
190000001310,1
190000001312,0
190000001313,0
190000001314,1
190000001315,1
190000001316,1
190000001317,1
190000001319,1
190000001320,1
190000001321,1
190000001322,1
190000001323,1
190000001325,1
190000001327,0
190000001328,1
190000001331,1
190000001332,1
190000001333,0
190000001334,1
190000001335,1
190000001336,1
190000001337,1
190000001339,0
190000001340,1
190000001342,1
190000001351,1
190000001361,1
190000001384,1
190000001393,1
190000001411,0
190000001415,0
190000001417,0
190000001418,0
190000001419,1
190000001421,0
190000001422,0
190000001423,1
190000001424,0
190000001426,0
190000001427,0
190000001428,0
190000001429,0
190000001430,0
190000001431,1
190000001432,0
190000001433,0
190000001434,0
190000001435,0
190000001436,0
190000001437,0
190000001438,1
190000001439,1
190000001440,1
190000001441,1
190000001442,0
190000001443,1
190000001444,0
190000001445,1
190000001447,0
190000001448,1
190000001449,1
190000001450,1
190000001451,1
190000001452,1
190000001453,1
190000001454,0
190000001455,1
190000001457,1
190000001458,1
190000001459,0
190000001460,0
190000001461,1
190000001463,0
190000001464,0
190000001465,1
190000001466,1
190000001467,1
190000001468,1
190000001469,0
190000001470,0
190000001490,1
190000001491,1
190000001492,1
190000001493,1
190000001494,1
190000001495,0
190000001496,1
190000001497,0
190000001842,1
190000001853,1
190000001854,1
190000001855,1
190000001856,1
190000001857,1
190000001858,0
190000001859,0
190000001860,1
190000001861,1
190000001864,0
190000001865,1
190000001866,0
190000001867,0
190000001868,1
190000001869,0
190000001871,0
190000001872,1
190000001874,0
190000001878,0
190000001879,0
190000001881,0
190000001883,1
190000001885,0
190000001887,1
190000001888,1
190000001889,0
190000001890,1
190000001891,0
190000001892,0
190000001895,0
190000001896,1
190000001897,1
190000001898,0
190000001902,0
190000001903,0
190000001904,0
190000001905,0
190000001906,0
190000001907,1
190000001909,0
190000001911,1
190000001912,0
190000001913,1
190000001914,1
190000001916,0
190000001917,1
190000001918,0
190000001919,1
190000001921,1
190000001925,1
190000001926,1
190000001927,1
190000001928,1
190000001931,1
190000001932,1
190000001933,1
190000001939,1
190000001940,1
190000001941,0
190000001942,1
190000001944,1
190000001945,1
190000001946,1
190000001947,1
190000001949,1
190000001950,1
190000001952,0
190000001953,0
190000001954,0
190000001955,1
190000001958,0
190000001959,1
190000001962,0
190000001963,1
190000001964,1
190000001970,1
190000001972,1
190000001973,1
190000001974,1
190000001975,1
190000001977,1
190000001978,0
190000001980,1
190000001981,0
190000001982,0
190000001983,1
190000001985,0
190000001986,0
190000001987,1
190000001988,0
190000001989,1
190000001991,1
190000001993,1
190000001997,1
190000001998,1
190000001999,1
190000002000,1
190000002001,1
190000002139,0
190000002140,0
190000002142,0
190000002143,1
190000002144,1
190000002145,1
190000002146,1
190000002147,1
190000002150,1
190000002151,1
190000002153,1
190000002154,1
190000002155,1
190000002156,1
190000002157,0
190000002158,0
190000002159,1
190000002160,1
190000002161,0
190000002162,1
190000002164,1
190000002165,1
190000002168,1
190000002170,0
190000002171,1
190000002172,1
190000002173,1
190000002174,1
190000002176,1
190000002177,1
190000002178,1
190000002180,1
190000002181,1
190000002183,0
190000002186,1
190000002193,1
190000002197,0
190000002198,1
190000002200,0
190000002201,1
190000002202,0
190000002203,1
190000002204,1
190000002206,1
190000002207,1
190000002209,1
190000002211,1
190000002212,1
190000002213,0
190000002216,0
190000002218,1
190000002219,1
190000002220,1
190000002221,1
190000002222,1
190000002223,1
190000002224,1
190000002225,1
190000002226,1
190000002227,1
190000002228,1
190000002230,0
190000002337,0
190000002338,1
190000002339,1
190000002340,1
190000002341,1
190000002343,1
190000002346,1
190000002362,1
190000002364,1
190000002367,1
190000002368,1
190000002369,1
190000002371,1
190000002372,1
190000002373,1
190000002378,1
190000002380,1
190000002387,0
190000002390,1
190000002392,0
190000002394,1
190000002395,0
190000002396,1
190000002400,1
190000002406,1
190000002407,0
190000002408,1
190000002409,0
190000002410,0
190000002411,1
190000002412,0
190000002426,1
190000002428,0
190000002431,0
190000002437,1
190000002438,1
190000002439,1
190000002443,1
190000002444,1
190000002446,0
190000002452,0
190000002453,0
190000002454,1
190000002455,0
190000002456,1
190000002457,0
190000002458,0
190000002460,1
190000002461,1
190000002462,1
190000002463,1
190000002464,1
190000002465,1
190000002486,0
190000002487,0
190000002488,0
190000002489,1
190000002703,1
190000002704,0
190000002706,0
190000002708,1
190000002710,1
190000002711,1
190000002712,0
190000002713,1
190000002715,1
190000002722,1
190000002727,1
190000002728,1
190000002729,1
190000002730,0
190000002735,1
190000002737,1
190000002740,1
190000002742,1
190000002746,0
190000002747,0
190000002750,1
190000002752,1
190000002753,1
190000002755,1
190000002756,0
190000002758,1
190000002760,1
190000002761,1
190000002763,1
190000002764,1
190000002767,1
190000002768,1
190000002769,1
190000002772,0
190000002773,1
190000002774,1
190000002776,0
190000002777,1
190000002779,1
190000002780,1
190000002781,1
190000002782,1
190000002784,1
190000002785,1
190000002786,0
190000002787,0
190000002801,1
190000002806,0
190000002869,1
190000002879,1
190000002930,1
190000002931,1
190000002932,1
190000002938,0
190000002999,1
190000003013,0
190000003023,1
190000003033,1
190000003081,1
190000003093,1
190000003094,1
190000003095,1
190000003098,1
190000003101,1
190000003102,1
190000003103,1
190000003121,1
190000003125,1
190000003129,1
190000003133,0
190000003135,1
190000003137,1
190000003179,1
190000003180,1
190000003181,1
190000003182,1
190000003183,1
190000003184,1
190000003251,1
190000003265,1
190000003270,1
190000003285,1
190000003293,1
190000003296,1
190000003297,1
190000003298,1
190000003306,1
200000000006,1
200000000007,1
200000000008,1
200000000009,1
200000000010,1
200000000082,1
200000000086,1
200000000089,1
200000000095,1
200000000105,1
200000000110,1
200000000112,1
200000000121,1
200000000123,1
200000000124,1
200000000132,0
200000000133,0
200000000135,0
200000000136,0
200000000137,0
200000000138,0
200000000139,0
200000000140,1
200000000141,0
200000000142,1
200000000144,0
200000000146,1
200000000147,0
200000000149,0
200000000150,1
200000000247,1
200000000248,1
200000000249,1
200000000250,1
200000000251,1
200000000252,1
200000000253,1
200000000254,1
200000000255,1
200000000257,1
200000000258,1
200000000259,1
200000000264,1
200000000265,1
200000000266,1
200000000270,1
200000000272,1
200000000332,0
200000000333,0
200000000334,0
200000000335,0
200000000337,0
200000000338,0
200000000339,0
200000000340,0
200000000341,0
200000000342,1
200000000343,1
200000000344,1
200000000521,0
210000000015,1
210000000028,1
210000000030,1
210000000032,1
210000000033,1
210000000034,1
210000000035,1
210000000036,1
210000000037,1
210000000038,1
210000000039,1
210000000041,1
210000000042,1
210000000043,1
210000000044,1
210000000045,1
210000000046,1
210000000047,1
210000000048,1
210000000049,1
210000000050,1
210000000051,1
210000000053,1
210000000054,1
210000000055,1
210000000061,1
210000000062,1
210000000068,1
210000000069,1
210000000070,1
210000000071,1
210000000072,1
210000000078,1
210000000079,1
210000000082,1
210000000097,1
210000000098,1
210000000099,0
210000000100,0
210000000101,1
210000000102,0
210000000104,0
210000000105,1
210000000106,0
210000000107,1
210000000108,0
210000000109,0
210000000110,0
210000000111,1
210000000112,1
210000000113,0
210000000114,0
210000000115,0
210000000116,0
210000000117,0
210000000118,1
210000000119,0
210000000162,0
210000000163,0
210000000164,0
210000000165,0
210000000166,0
210000000224,0
210000000225,1
210000000227,0
210000000232,1
210000000237,0
210000000240,0
210000000241,1
210000000249,0
210000000250,1
210000000251,1
210000000252,1
210000000255,0
210000000256,1
210000000257,0
210000000260,1
210000000263,1
210000000264,1
210000000270,1
210000000271,0
210000000273,0
210000000274,0
210000000275,1
210000000276,0
210000000277,1
210000000278,1
210000000279,0
210000000280,0
210000000281,0
210000000287,0
210000000291,0
210000000314,1
210000000316,1
210000000323,1
210000000324,0
210000000325,0
210000000326,0
210000000327,0
210000000328,0
210000000329,0
210000000330,0
210000000332,1
210000000333,0
210000000334,0
210000000336,0
210000000337,0
210000000339,0
210000000404,0
210000000476,1
210000000477,1
210000000479,1
210000000481,1
210000000482,1
210000000483,1
210000000484,1
210000000486,1
210000000487,1
210000000488,1
210000000489,1
210000000490,1
210000000491,1
210000000568,0
210000000570,1
210000000572,0
210000000573,1
210000000574,0
210000000575,0
210000000576,0
210000000577,1
210000000578,0
210000000579,1
210000000580,1
210000000581,1
210000000582,1
210000000584,0
210000000585,0
210000000586,1
210000000587,0
210000000588,0
210000000589,0
210000000590,1
210000000591,0
210000000592,1
210000000593,0
210000000594,1
210000000595,1
210000000596,1
210000000598,1
210000000599,1
210000000600,1
210000000601,1
210000000603,1
210000000604,0
210000000605,1
210000000606,1
210000000607,1
210000000608,1
210000000612,1
210000000616,1
210000000617,0
210000000618,0
210000000620,1
210000000621,0
210000000623,1
210000000624,1
210000000625,1
210000000636,0
210000000637,0
210000000638,0
210000000639,0
210000000640,1
210000000641,0
210000000643,0
210000000644,0
210000000645,0
210000000646,0
210000000647,0
210000000648,1
210000000649,1
210000000650,0
210000000651,0
210000000652,1
210000000653,1
210000000654,0
210000000655,0
210000000656,1
210000000657,0
210000000658,1
210000000659,1
210000000661,1
210000000662,1
210000000663,1
210000000664,1
210000000666,1
210000000667,0
210000000668,1
210000000669,1
210000000670,0
210000000671,0
210000000672,0
210000000673,1
210000000674,0
210000000675,1
210000000676,0
210000000677,1
210000000678,1
210000000679,0
210000000680,1
210000000681,1
210000000682,1
210000000683,1
210000000866,0
210000000867,1
210000000868,1
210000000869,1
210000000870,1
210000000871,0
210000000872,0
210000000873,0
210000000875,0
210000000876,1
210000000877,0
210000000878,0
210000000880,1
210000000881,1
210000000882,0
210000000883,0
210000000884,1
210000000885,1
210000000886,0
210000000887,0
210000000888,1
210000000890,1
210000000891,0
210000000893,0
210000000894,1
210000000895,1
210000000899,0
210000000900,1
210000000901,1
210000000903,1
210000000904,1
210000000906,1
210000000908,1
210000001090,1
210000001091,1
210000001101,1
210000001121,0
220000000015,1
220000000016,1
220000000017,1
220000000018,1
220000000019,1
220000000027,1
220000000028,1
220000000030,0
220000000031,0
220000000032,0
220000000033,0
220000000041,0
220000000042,1
220000000043,0
220000000088,0
220000000089,0
220000000093,0
220000000094,0
220000000105,1
220000000116,0
220000000228,0
220000000229,0
220000000230,0
220000000231,0
220000000232,0
220000000233,0
220000000234,1
220000000235,0
220000000236,0
220000000237,1
220000000238,0
220000000239,0
220000000240,0
220000000241,0
220000000242,0
220000000243,1
220000000245,0
220000000246,0
220000000247,0
220000000248,0
220000000249,1
220000000251,0
220000000345,0
220000000348,0
220000000349,0
220000000352,0
220000000368,0
220000000381,0
220000000386,0
220000000391,1
220000000392,0
220000000464,0
220000000486,1
220000000487,1
220000000488,1
220000000489,1
220000000500,1
220000000520,0
220000000522,1
220000000530,1
220000000539,1
220000000540,0
220000000541,1
220000000636,0
220000000637,0
220000000664,1
230000000014,1
230000000015,1
230000000167,0
230000000168,1
230000000169,1
230000000170,0
230000000171,0
230000000172,1
230000000173,1
230000000174,0
230000000175,1
230000000176,0
230000000177,0
230000000178,1
230000000181,0
230000000182,1
230000000183,1
230000000185,1
230000000186,1
230000000187,1
230000000188,0
230000000190,1
230000000191,1
230000000192,1
230000000193,1
230000000194,0
230000000195,1
230000000196,1
230000000197,1
230000000260,1
230000000261,0
230000000263,0
230000000264,0
230000000266,1
230000000267,1
230000000268,0
230000000271,1
230000000272,1
230000000273,0
230000000275,1
230000000276,0
230000000277,1
230000000278,1
230000000280,0
230000000438,0
230000000439,0
230000000440,1
230000000441,0
230000000442,0
230000000443,0
230000000444,1
230000000445,0
230000000446,1
230000000447,1
230000000448,0
230000000449,1
230000000450,0
230000000451,1
230000000452,0
230000000453,0
230000000454,1
230000000455,1
230000000458,1
230000000459,1
230000000460,1
230000000461,1
230000000462,1
230000000548,1
230000000744,0
240000000061,1
240000000066,1
240000000067,1
240000000078,1
240000000085,1
240000000086,1
240000000087,1
240000000118,1
240000000124,1
240000000128,1
240000000131,1
240000000133,1
240000000152,0
240000000171,0
240000000172,0
240000000173,0
240000000174,0
240000000175,0
240000000176,0
240000000178,0
240000000179,0
240000000180,0
240000000181,0
240000000182,0
240000000183,0
240000000184,1
240000000188,0
240000000191,1
240000000194,1
240000000202,1
240000000203,1
240000000215,0
240000000217,0
240000000218,0
240000000219,0
240000000220,0
240000000224,0
240000000225,0
240000000229,0
240000000230,0
240000000231,0
240000000232,0
240000000233,1
240000000234,0
240000000236,0
240000000237,1
240000000238,0
240000000239,0
240000000240,1
240000000241,0
240000000245,0
240000000246,1
240000000247,0
240000000248,0
240000000249,1
240000000313,1
240000000464,1
240000000465,1
240000000467,1
240000000468,0
240000000469,0
240000000470,0
240000000471,0
240000000473,0
240000000475,0
240000000477,0
240000000478,1
240000000479,0
240000000483,1
240000000484,1
240000000485,1
240000000486,1
240000000487,0
240000000488,1
240000000489,0
240000000490,1
240000000492,1
240000000505,1
240000000514,1
240000000515,1
240000000516,1
240000000517,1
240000000519,1
240000000520,1
240000000521,1
240000000589,0
240000000611,1
240000000631,1
240000000637,1
240000000648,1
240000000667,1
240000000674,1
240000000685,1
240000000713,1
240000000714,1
240000000716,0
240000000756,1
240000000757,1
250000000091,1
250000000092,1
250000000093,1
250000000094,1
250000000095,1
250000000096,0
250000000097,1
250000000098,1
250000000099,1
250000000101,1
250000000102,1
250000000103,1
250000000105,1
250000000106,1
250000000107,1
250000000108,1
250000000109,0
250000000110,1
250000000111,1
250000000112,0
250000000114,1
250000000115,1
250000000116,1
250000000117,1
250000000118,1
250000000120,1
250000000121,0
250000000122,1
250000000123,1
250000000124,1
250000000126,1
250000000127,1
250000000129,1
250000000130,1
250000000133,1
250000000134,1
250000000135,1
250000000136,1
250000000137,1
250000000138,1
250000000139,1
250000000140,1
250000000141,1
250000000142,1
250000000143,1
250000000144,1
250000000145,0
250000000147,1
250000000149,0
250000000150,1
250000000152,1
250000000153,1
250000000154,1
250000000155,1
250000000156,1
250000000157,1
250000000268,1
250000000277,1
250000000278,1
250000000279,1
250000000280,1
250000000281,1
250000000282,1
250000000283,1
250000000284,1
250000000285,1
250000000286,1
250000000287,1
250000000288,1
250000000289,1
250000000290,1
250000000291,1
250000000292,1
250000000293,1
250000000294,0
250000000295,0
250000000296,1
250000000297,1
250000000298,1
250000000300,1
250000000301,1
250000000303,1
250000000304,1
250000000305,1
250000000306,1
250000000308,1
250000000346,1
250000000351,1
250000000358,1
250000000363,1
250000000366,1
250000000370,1
250000000371,1
250000000374,0
250000000382,1
250000000386,0
250000000388,0
250000000389,0
250000000392,1
250000000398,0
250000000400,1
250000000409,0
250000000410,0
250000000412,0
250000000413,1
250000000418,0
250000000419,1
250000000425,1
250000000431,1
250000000436,0
250000000437,0
250000000439,1
250000000441,0
250000000442,1
250000000444,1
250000000445,0
250000000446,1
250000000457,0
250000000460,1
250000000465,0
250000000470,1
250000000471,1
250000000472,1
250000000476,1
250000000481,1
250000000487,1
250000000490,1
250000000494,0
250000000495,1
250000000496,0
250000000606,0
250000000607,0
250000000608,0
250000000609,0
250000000610,0
250000000612,0
250000000613,0
250000000614,0
250000000615,0
250000000616,0
250000000617,0
250000000618,0
250000000619,0
250000000620,0
250000000621,0
250000000622,1
250000000623,0
250000000624,1
250000000625,1
250000000626,0
250000000627,1
250000000628,0
250000000629,0
250000000630,1
250000000631,0
250000000632,0
250000000633,0
250000000634,0
250000000636,0
250000000637,0
250000000638,0
250000000639,0
250000000640,1
250000000641,1
250000000642,0
250000000643,0
250000000644,0
250000000645,0
250000000646,0
250000000647,1
250000000648,0
250000000649,0
250000000650,0
250000000651,0
250000000652,0
250000000653,0
250000000654,1
250000000656,1
250000000657,0
250000000658,0
250000000659,0
250000000660,0
250000000662,0
250000000663,0
250000000664,0
250000000665,0
250000000666,0
250000000667,0
250000000668,0
250000000669,0
250000000670,1
250000000671,0
250000000672,0
250000000673,0
250000000674,1
250000000675,0
250000000677,1
250000000678,0
250000000679,1
250000000680,1
250000000681,1
250000000682,1
250000000683,0
250000000684,0
250000000685,0
250000000687,1
250000000688,1
250000000689,0
250000000690,0
250000000691,0
250000000692,0
250000000693,1
250000000694,0
250000000695,0
250000000696,0
250000000697,0
250000000698,0
250000000699,1
250000000700,0
250000000701,0
250000000702,1
250000000703,1
250000000704,0
250000000708,0
250000000751,0
250000000756,0
250000000757,0
250000000899,1
250000000902,0
250000000903,0
250000000904,1
250000000905,1
250000000906,1
250000000907,0
250000000908,1
250000000909,1
250000000910,0
250000000912,0
250000000914,1
250000000915,0
250000000917,0
250000000918,1
250000000919,1
250000000921,0
250000000922,1
250000000923,1
250000000924,1
250000000926,0
250000000927,0
250000000928,0
250000000929,0
250000000931,0
250000000934,1
250000000935,1
250000000936,1
250000000938,1
250000000939,1
250000000940,0
250000000941,0
250000000943,0
250000000944,1
250000000945,0
250000000946,1
250000000947,1
250000000948,1
250000000950,1
250000000951,0
250000000952,1
250000000954,0
250000000955,0
250000000957,1
250000000959,0
250000000960,1
250000000961,1
250000000962,1
250000000963,0
250000000964,0
250000000965,0
250000000966,0
250000000967,1
250000000968,0
250000000969,0
250000000971,0
250000000972,1
250000000976,1
250000000978,1
250000000979,1
250000000980,1
250000000981,0
250000000984,1
250000000986,1
250000000987,1
250000000988,1
250000000989,0
250000000993,1
250000001217,1
250000001218,1
250000001219,1
250000001220,1
250000001221,1
250000001222,0
250000001223,1
250000001224,1
250000001225,0
250000001226,1
250000001227,1
250000001228,1
250000001229,1
250000001231,1
250000001232,1
250000001233,0
250000001234,0
250000001235,0
250000001236,0
250000001237,1
250000001238,1
250000001239,0
250000001240,0
250000001241,1
250000001242,0
250000001243,1
250000001244,1
250000001245,1
250000001246,1
250000001248,0
250000001249,1
250000001250,1
250000001251,1
250000001253,0
250000001254,1
250000001255,1
250000001256,1
250000001257,0
250000001258,1
250000001259,0
250000001260,0
250000001261,0
250000001262,1
250000001263,1
250000001264,1
250000001265,1
250000001266,0
250000001267,1
250000001268,1
250000001269,1
250000001270,0
250000001271,0
250000001272,0
250000001273,1
250000001274,1
250000001275,1
250000001276,0
250000001279,1
250000001280,1
250000001281,1
250000001282,0
250000001283,1
250000001284,1
250000001286,1
250000001287,0
250000001288,0
250000001289,0
250000001291,1
250000001293,1
250000001294,1
250000001295,1
250000001298,0
250000001299,0
250000001300,1
250000001301,0
250000001302,0
250000001303,0
250000001304,0
250000001305,1
250000001306,1
250000001307,1
250000001309,1
250000001310,1
250000001312,0
250000001313,1
250000001314,1
250000001315,1
250000001316,0
250000001317,0
250000001318,0
250000001319,0
250000001320,0
250000001321,0
250000001322,0
250000001323,0
250000001324,0
250000001326,0
250000001327,1
250000001328,0
250000001329,0
250000001330,0
250000001332,0
250000001333,0
250000001334,0
250000001335,1
250000001336,1
250000001337,0
250000001338,0
250000001339,1
250000001342,1
250000001343,0
250000001344,1
250000001347,0
250000001348,0
250000001350,0
250000001351,0
250000001352,0
250000001353,0
250000001354,0
250000001355,1
250000001356,0
250000001357,0
250000001358,1
250000001359,0
250000001361,1
250000001362,0
250000001363,0
250000001365,0
250000001366,0
250000001367,0
250000001368,0
250000001369,0
250000001370,1
250000001371,1
250000001372,1
250000001373,1
250000001374,1
250000001375,0
250000001376,0
250000001379,1
250000001380,1
250000001382,1
250000001383,1
250000001385,1
250000001386,1
250000001387,1
250000001388,0
250000001389,0
250000001390,0
250000001394,0
250000001395,0
250000001396,0
250000001398,0
250000001399,0
250000001400,1
250000001402,0
250000001403,1
250000001404,1
250000001405,1
250000001406,1
250000001407,1
250000001408,1
250000001409,0
250000001410,0
250000001411,1
250000001412,0
250000001414,1
250000001415,1
250000001416,0
250000001417,1
250000001418,1
250000001419,1
250000001420,1
250000001421,0
250000001423,0
250000001424,1
250000001426,0
250000001427,0
250000001428,1
250000001434,1
250000001435,0
250000001436,0
250000001437,1
250000001438,1
250000001439,1
250000001440,0
250000001441,0
250000001443,1
250000001444,0
250000001448,0
250000001449,0
250000001450,0
250000001451,1
250000001452,1
250000001453,1
250000001455,1
250000001456,1
250000001458,1
250000001460,0
250000001462,0
250000001463,0
250000001464,1
250000001465,1
250000001471,1
250000001472,1
250000001474,1
250000001475,1
250000001476,0
250000001477,1
250000001478,1
250000001479,0
250000001480,1
250000001481,0
250000001482,1
250000001486,1
250000001487,1
250000001493,1
250000001496,1
250000001689,1
250000001696,1
250000001706,1
250000001707,1
250000001710,0
250000001711,1
250000001712,1
250000001714,1
250000001717,1
250000001721,1
250000001722,1
250000001723,1
250000001725,1
250000001727,1
250000001730,1
250000001731,0
250000001732,1
250000001735,1
250000001736,1
250000001737,1
250000001741,1
250000001742,1
250000001743,1
250000001744,0
250000001747,1
250000001748,1
250000001750,0
250000001752,1
250000001753,1
250000001754,1
250000001755,1
250000001756,1
250000001757,1
250000001759,1
250000001767,1
250000001768,1
250000001769,1
250000001770,1
250000001771,1
250000001776,1
250000001778,1
250000001779,0
250000001780,0
250000001782,1
250000001783,1
250000001786,1
250000001787,1
250000001789,1
250000001790,1
250000001792,1
250000001794,1
250000001795,1
250000001796,1
250000001798,1
250000001799,1
250000001805,1
250000001807,1
250000001808,1
250000001809,1
250000001811,1
250000001816,1
250000001817,1
250000001820,1
250000001821,1
250000001822,1
250000001823,1
250000001824,1
250000001826,1
250000001828,1
250000001829,1
250000001830,1
250000001831,1
250000001833,1
250000001837,1
250000001840,0
250000001844,0
250000001845,1
250000001846,1
250000001847,1
250000001848,1
250000001849,1
250000001850,1
250000001851,1
250000001852,1
250000001853,1
250000001854,1
250000001896,1
250000001897,1
250000001898,1
250000001900,1
250000001902,1
250000001903,1
250000001904,1
250000001905,1
250000001906,1
250000001907,1
250000001909,1
250000001911,1
250000001912,1
250000001913,1
250000001915,1
250000001916,1
250000001920,1
250000001921,1
250000001922,1
250000001923,1
250000001924,1
250000001925,1
250000001926,1
250000001927,1
250000001928,1
250000001929,1
250000001930,1
250000001931,1
250000001933,1
250000001934,1
250000001980,1
250000001981,0
250000001982,1
250000001984,0
250000001985,1
250000001988,1
250000001989,1
250000001990,0
250000001992,1
250000001993,0
250000001994,1
250000001995,1
250000001997,1
250000001998,1
250000001999,0
250000002001,0
250000002002,1
250000002003,1
250000002004,0
250000002005,0
250000002007,1
250000002018,0
250000002020,0
250000002022,0
250000002027,0
250000002029,1
250000002032,0
250000002037,0
250000002039,1
250000002040,1
250000002042,1
250000002043,0
250000002044,1
250000002045,1
250000002076,1
250000002077,1
250000002078,1
250000002079,1
250000002081,0
250000002092,0
250000002093,1
250000002094,0
250000002095,1
250000002097,0
250000002098,0
250000002100,0
250000002102,0
250000002105,1
250000002106,1
250000002107,0
250000002108,1
250000002109,1
250000002110,1
250000002112,0
250000002113,1
250000002114,0
250000002115,1
250000002116,0
250000002117,1
250000002118,1
250000002119,1
250000002120,0
250000002122,0
250000002123,1
250000002124,0
250000002125,1
250000002126,1
250000002127,1
250000002128,1
250000002129,1
250000002130,1
250000002131,1
250000002132,0
250000002133,1
250000002134,0
250000002135,0
250000002136,0
250000002137,0
250000002138,0
250000002139,0
250000002140,0
250000002141,1
250000002142,0
250000002143,0
250000002144,0
250000002145,0
250000002146,0
250000002147,0
250000002151,0
250000002152,0
250000002153,1
250000002154,1
250000002156,0
250000002157,0
250000002158,0
250000002159,0
250000002160,0
250000002162,0
250000002163,0
250000002164,0
250000002165,1
250000002168,0
250000002169,0
250000002170,0
250000002171,0
250000002252,1
250000002255,1
250000002257,1
250000002258,1
250000002259,1
250000002260,1
250000002266,1
250000002269,1
250000002270,1
250000002271,1
250000002272,1
250000002273,1
250000002274,1
250000002275,1
250000002277,1
250000002295,1
250000002296,1
250000002298,1
250000002299,1
250000002301,1
250000002302,1
250000002303,1
250000002304,1
250000002305,1
250000002306,1
250000002307,1
250000002308,1
250000002309,1
250000002326,1
250000002329,1
250000002334,1
250000002335,1
250000002343,0
250000002344,0
250000002345,1
250000002348,0
250000002352,0
250000002353,1
250000002354,1
250000002355,1
250000002358,1
250000002359,0
250000002360,1
250000002361,0
250000002363,1
250000002365,1
250000002366,1
250000002370,0
250000002373,1
250000002375,0
250000002381,1
250000002383,1
250000002385,1
250000002387,1
250000002388,0
250000002390,0
250000002391,1
250000002392,0
250000002393,0
250000002394,1
250000002396,1
250000002397,1
250000002398,1
250000002399,1
250000002400,1
250000002401,0
250000002402,0
250000002426,1
250000002427,0
250000002428,1
250000002429,1
250000002430,1
250000002431,1
250000002432,0
250000002442,1
250000002445,1
250000002447,1
250000002448,1
250000002452,1
250000002462,1
250000002464,1
250000002465,1
250000002467,1
250000002474,0
250000002480,1
250000002483,1
250000002485,0
250000002486,1
250000002491,1
250000002494,0
250000002496,1
250000002497,1
250000002498,1
250000002499,1
250000002500,1
250000002501,1
250000002503,1
250000002504,1
250000002505,1
250000002507,1
250000002508,1
250000002509,1
250000002510,0
250000002511,1
250000002513,0
250000002514,1
250000002516,1
250000002517,0
250000002556,1
250000002564,0
250000002565,0
250000002883,1
250000002884,1
250000002885,1
250000002886,0
250000002887,1
250000002889,1
250000002890,1
250000002891,1
250000002895,1
250000002896,0
250000002898,1
250000002899,1
250000002900,1
250000002901,1
250000002903,1
250000002904,1
250000002908,1
250000002909,1
250000002910,0
250000002911,1
250000002912,1
250000002914,1
250000002916,0
250000002917,1
250000002918,1
250000002919,1
250000002920,1
250000002921,1
250000002923,1
250000002926,1
250000002928,0
250000002930,0
250000002931,1
250000002932,1
250000002933,1
250000002934,1
250000002935,1
250000002937,1
250000002938,1
250000002939,1
250000002940,1
250000002941,1
250000002942,1
250000002943,0
250000002944,1
250000002945,1
250000002946,0
250000002947,1
250000002948,1
250000002949,1
250000002950,1
250000002952,1
250000002953,1
250000002954,1
250000002957,1
250000002959,0
250000002961,1
250000002962,0
250000002963,1
250000002964,1
250000002965,1
250000002966,1
250000002967,1
250000002969,1
250000002971,1
250000002972,1
250000002973,1
250000002974,1
250000002976,1
250000002977,1
250000002978,1
250000002979,1
250000002980,1
250000002983,1
250000002984,1
250000002985,1
250000002987,1
250000002988,1
250000002989,1
250000002990,0
250000002991,1
250000002992,1
250000002993,1
250000002996,1
250000002997,1
250000002999,1
250000003000,1
250000003001,1
250000003002,1
250000003004,1
250000003005,0
250000003006,0
250000003008,1
250000003009,1
250000003010,1
250000003012,1
250000003013,1
250000003015,1
250000003017,1
250000003020,1
250000003023,1
250000003477,1
250000003498,1
250000003499,1
250000003501,1
250000003502,1
250000003503,1
250000003504,1
250000003507,1
250000003508,1
250000003509,1
250000003513,1
250000003515,1
250000003564,1
250000003602,1
250000003606,1
250000003607,1
250000003610,1
250000003611,0
250000003612,1
250000003641,1
250000003643,1
250000003663,1
250000003664,1
250000003669,0
250000003670,1
250000003671,0
250000003672,1
250000003673,0
250000003674,0
250000003675,0
250000003676,0
250000003677,1
250000003678,1
250000003679,1
250000003680,1
250000003681,1
250000003682,1
250000003683,0
250000003686,1
250000003687,1
250000003689,1
250000003690,1
250000003691,1
250000003693,1
250000003695,1
250000003696,1
250000003721,1
250000003741,1
250000003744,0
250000003748,1
250000003774,1
250000003776,1
250000003778,1
250000003781,1
250000003782,1
250000003879,0
250000003892,1
250000003901,1
250000003921,1
250000003927,1
250000003928,1
250000003943,1
250000004006,0
250000004066,1
250000004067,1
250000004068,1
250000004080,1
250000004090,0
250000004166,1
250000004167,1
250000004186,1
250000004206,1
260000000004,1
260000000006,1
260000000010,1
260000000011,1
260000000020,1
260000000021,1
260000000022,1
260000000023,1
260000000024,0
260000000039,1
260000000040,1
260000000041,1
260000000043,1
260000000045,1
260000000046,1
260000000065,1
260000000066,1
260000000067,1
260000000068,1
260000000070,1
260000000071,1
260000000072,1
260000000087,0
260000000089,0
260000000090,0
260000000094,1
260000000096,1
260000000097,1
260000000098,0
260000000099,0
260000000100,1
260000000104,1
260000000105,1
260000000106,0
260000000107,0
260000000110,1
260000000174,1
260000000176,1
260000000177,0
260000000179,1
260000000180,0
260000000181,1
260000000182,0
260000000189,0
260000000190,0
260000000191,0
260000000192,1
260000000193,0
260000000196,1
260000000197,0
260000000289,1
260000000304,0
260000000352,1
260000000353,1
260000000356,1
270000000004,1
270000000014,0
270000000015,0
270000000016,0
270000000017,1
270000000018,1
270000000019,0
270000000021,0
270000000066,0
270000000123,1
270000000133,1
270000000136,1
270000000137,1
270000000139,1
270000000145,1
270000000146,1
270000000283,0
270000000284,0
270000000285,0
270000000286,0
270000000287,0
270000000289,0
270000000290,0
270000000291,0
270000000292,0
270000000293,1
270000000294,0
270000000296,0
270000000297,0
270000000298,1
270000000302,1
270000000303,0
270000000304,1
270000000305,0
270000000312,1
270000000329,1
270000000335,1
